,Mean Reward,Max Reward,Min Reward,Std Dev
PPO,547.5011586660066,935.7,-82.089552,304.1095289756697
SAC,293.9618021789264,942.9,-93.865031,253.24837958382852
