,Mean Reward,Max Reward,Min Reward,Std Dev
PPO,547.5011586660066,935.7,-82.089552,304.1095289756697
SAC,284.17516007666666,942.9,-93.865031,250.63354916389613
