,Mean Reward,Max Reward,Min Reward,Std Dev
PPO,547.5011586660066,935.7,-82.089552,304.1095289756697
SAC,224.16679473944444,888.888889,-93.670886,220.26411601566286
